{
  "current": {
    "custom_header1_text1": "Free shipping on orders over $100",
    "custom_showcase1_text1": "Women's",
    "custom_showcase1_text2": "New Collection",
    "custom_showcase1_text3": "Shop Now",
    "custom_showcase2_text1": "Men's",
    "custom_showcase2_text2": "Essentials",
    "custom_showcase2_text3": "Shop Now",
    "custom_showcase3_text1": "Accessories",
    "custom_showcase3_text2": "Complete Your Look",
    "custom_showcase3_text3": "Shop Now",
    "custom_footer1_title": "Shop",
    "custom_footer2_title": "Customer Care",
    "custom_footer3_title": "Connect",
    "custom_footer4_title": "Support",
    "mailing_list_title": "Stay in Style",
    "mailing_list_tagline": "Subscribe for exclusive offers and new collection updates",
    "color_1": "#ffffff",
    "color_2": "#000000",
    "color_3": "#86868b",
    "color_4": "#1d1d1f",
    "color_5": "#515154",
    "color_6": "#1d1d1f",
    "color_7": "#f5f5f7",
    "color_8": "#ffffff",
    "color_9": "#f5f5f7",
    "color_10": "#0071e3"
  }
}
